{
  "ok": true,
  "generatedAt": "2026-06-28T15:48:35.201866+00:00",
  "method": "isotonic_regression",
  "description": "Per-axis calibration curves mapping model raw scores (0-100) to estimated annotator-consensus probability (0-1). Uses isotonic regression to preserve monotonicity. Apply with linear interpolation between calibration_points.",
  "n_users": 100,
  "axes": [
    "toxicEmotions",
    "missingCommitment",
    "missingIntelligibility",
    "otherReasons"
  ],
  "calibration": {
    "toxicEmotions": {
      "n": 100,
      "raw_mean": 59.45,
      "raw_std": 19.077932277896362,
      "consensus_mean": 0.38,
      "consensus_std": 0.6289674077406555,
      "r_squared": 0.0743,
      "spearman_rho": 0.1652,
      "calibration_points": [
        [
          0.0,
          0.0
        ],
        [
          29.0,
          0.0
        ],
        [
          30.0,
          0.075
        ],
        [
          31.0,
          0.075
        ],
        [
          32.0,
          0.075
        ],
        [
          33.0,
          0.075
        ],
        [
          34.0,
          0.075
        ],
        [
          36.0,
          0.075
        ],
        [
          37.0,
          0.075
        ],
        [
          38.0,
          0.075
        ],
        [
          39.0,
          0.125
        ],
        [
          40.0,
          0.125
        ],
        [
          41.0,
          0.1379
        ],
        [
          43.0,
          0.1379
        ],
        [
          44.0,
          0.1379
        ],
        [
          45.0,
          0.1379
        ],
        [
          46.0,
          0.1379
        ],
        [
          48.0,
          0.1379
        ],
        [
          49.0,
          0.1379
        ],
        [
          50.0,
          0.1379
        ],
        [
          51.0,
          0.1379
        ],
        [
          52.0,
          0.1379
        ],
        [
          53.0,
          0.1379
        ],
        [
          54.0,
          0.1379
        ],
        [
          55.0,
          0.1379
        ],
        [
          57.0,
          0.1379
        ],
        [
          58.0,
          0.1379
        ],
        [
          59.0,
          0.1379
        ],
        [
          60.0,
          0.1379
        ],
        [
          61.0,
          0.1379
        ],
        [
          63.0,
          0.2647
        ],
        [
          65.0,
          0.2647
        ],
        [
          66.0,
          0.2647
        ],
        [
          67.0,
          0.2647
        ],
        [
          70.0,
          0.2647
        ],
        [
          71.0,
          0.2647
        ],
        [
          72.0,
          0.2647
        ],
        [
          73.0,
          0.2647
        ],
        [
          74.0,
          0.3035
        ],
        [
          76.0,
          0.3035
        ],
        [
          77.0,
          0.3035
        ],
        [
          78.0,
          0.3035
        ],
        [
          79.0,
          0.3035
        ],
        [
          80.0,
          0.3035
        ],
        [
          81.0,
          0.3035
        ],
        [
          82.0,
          0.3035
        ],
        [
          83.0,
          0.3035
        ],
        [
          84.0,
          0.3035
        ],
        [
          85.0,
          0.3035
        ],
        [
          87.0,
          0.3035
        ],
        [
          89.0,
          0.3035
        ],
        [
          91.0,
          0.3035
        ],
        [
          97.0,
          0.3035
        ],
        [
          100.0,
          0.3035
        ]
      ]
    },
    "missingCommitment": {
      "n": 100,
      "raw_mean": 26.93,
      "raw_std": 0.7517313349861106,
      "consensus_mean": 0.04,
      "consensus_std": 0.19595917942265426,
      "r_squared": 0.0135,
      "spearman_rho": 0.0156,
      "calibration_points": [
        [
          0.0,
          0.0
        ],
        [
          24.0,
          0.0
        ],
        [
          25.0,
          0.0
        ],
        [
          26.0,
          0.0
        ],
        [
          27.0,
          0.029
        ],
        [
          28.0,
          0.029
        ],
        [
          100.0,
          0.029
        ]
      ]
    },
    "missingIntelligibility": {
      "n": 100,
      "raw_mean": 49.51,
      "raw_std": 3.5170868627317122,
      "consensus_mean": 0.09,
      "consensus_std": 0.31921779399024736,
      "r_squared": 0.1657,
      "spearman_rho": 0.1651,
      "calibration_points": [
        [
          0.0,
          0.0
        ],
        [
          44.0,
          0.0
        ],
        [
          45.0,
          0.0
        ],
        [
          46.0,
          0.0
        ],
        [
          47.0,
          0.0384
        ],
        [
          48.0,
          0.0384
        ],
        [
          49.0,
          0.0384
        ],
        [
          50.0,
          0.0384
        ],
        [
          51.0,
          0.0384
        ],
        [
          52.0,
          0.0384
        ],
        [
          53.0,
          0.0384
        ],
        [
          54.0,
          0.0384
        ],
        [
          55.0,
          0.0714
        ],
        [
          56.0,
          0.0714
        ],
        [
          57.0,
          0.25
        ],
        [
          60.0,
          0.5
        ],
        [
          100.0,
          0.5
        ]
      ]
    },
    "otherReasons": {
      "n": 100,
      "raw_mean": 10.74,
      "raw_std": 0.6102458520956943,
      "consensus_mean": 0.14,
      "consensus_std": 0.3746998799039039,
      "r_squared": -0.0197,
      "spearman_rho": -0.1265,
      "calibration_points": [
        [
          0.0,
          0.0649
        ],
        [
          10.0,
          0.0649
        ],
        [
          11.0,
          0.0869
        ],
        [
          12.0,
          0.0869
        ],
        [
          13.0,
          0.0869
        ],
        [
          100.0,
          0.0869
        ]
      ]
    }
  }
}