{"dictionaryVersion":1,"termCount":1,"builtAt":"2026-05-30T12:02:17.946Z","embeddings":{"三阿哥":[-0.004028811119496822,0.5470491051673889,-0.007109640631824732,0.1331498771905899,-0.23239794373512268,-0.1439216434955597,0.3503975570201874,-0.09308542311191559,0.01815447211265564,-0.191881462931633,0.5092920660972595,-0.5437846779823303,0.2843065857887268,-0.2697696089744568,-0.05184028670191765,-0.08355169743299484,-0.17092350125312805,0.20195400714874268,0.04122365638613701,-0.037322115153074265,0.07114167511463165,0.08688294142484665,0.1477569341659546,0.1403973400592804,-0.0706164613366127,0.014900420792400837,-0.2368786334991455,-0.2739582359790802,0.348757803440094,-0.10635592043399811,-0.43900129199028015,0.22972097992897034,0.2632007896900177,-0.164372518658638,-0.14012861251831055,0.19019968807697296,-0.08560973405838013,0.06771627068519592,0.01222221739590168,0.2555173635482788,-0.045800916850566864,0.24189510941505432,0.37744230031967163,-0.18942126631736755,0.011344542726874352,-0.18579697608947754,-0.05740078538656235,0.09348476678133011,0.11852746456861496,0.21102291345596313,-0.3691851496696472,-0.037197381258010864,-0.07191099971532822,0.17144595086574554,0.31274092197418213,0.16604219377040863,0.34573185443878174,-0.3969939053058624,-0.05534052476286888,0.23383936285972595,-0.252786785364151,0.1616041362285614,0.32726630568504333,0.046285480260849,-0.2501056492328644,0.007702924776822329,0.1525934934616089,-0.3078761398792267,-0.06543248891830444,0.03136889263987541,-0.27343907952308655,-0.06395696848630905,0.213361918926239,-0.23141078650951385,-0.31063830852508545,-0.06335240602493286,0.2287653088569641,-0.20536208152770996,-0.21051320433616638,0.14267942309379578,-0.26135003566741943,-0.016866831108927727,0.1028413251042366,-0.4609084129333496,-0.27519211173057556,0.2597457468509674,-0.27912676334381104,-0.3333836793899536,0.09391488134860992,-0.36565396189689636,-0.012036730535328388,0.003585315076634288,0.029240816831588745,0.06731262058019638,-0.1832917481660843,0.04986973851919174,-0.009133117273449898,-0.015649303793907166,-0.17985118925571442,-0.005724268965423107,0.28222474455833435,0.16139967739582062,-0.01034444198012352,0.017565367743372917,0.06173921748995781,-0.07123018056154251,-0.1834510713815689,-0.29230573773384094,-0.06667476892471313,0.14674469828605652,0.15208779275417328,-0.45338135957717896,-0.03313145413994789,-0.14927245676517487,-0.07624112814664841,0.2181052714586258,-0.09824085235595703,-0.16365161538124084,-0.3541722595691681,-0.007404169533401728,0.023822253569960594,-0.09266119450330734,-0.12759695947170258,-0.34503790736198425,-0.23240993916988373,-0.17284150421619415,0.3159599006175995,7.390248494963256e-33,0.22836826741695404,0.106782466173172,0.17903098464012146,-0.4052659571170807,0.21411170065402985,-0.3155483305454254,0.3240956664085388,0.11705683171749115,-0.0010508080013096333,-0.2535633146762848,0.1486889272928238,0.0871274471282959,-0.24169223010540009,0.02288537472486496,-0.37589341402053833,-0.1596938967704773,0.03512425720691681,-0.3910946547985077,0.4627563953399658,-0.20280978083610535,0.23630551993846893,0.05257458612322807,-0.22216033935546875,-0.19425523281097412,-0.03302378952503204,0.018242819234728813,0.09988930076360703,-0.0767504945397377,-0.11703485250473022,0.22805573046207428,0.02792803943157196,0.08431687206029892,-0.07733894884586334,-0.10801132023334503,-0.08918800204992294,-0.19458460807800293,-0.030306676402688026,0.17959539592266083,-0.05041598528623581,0.2556006610393524,0.0133294016122818,-0.18125320971012115,-0.13014914095401764,-0.03411679342389107,-0.16632506251335144,0.10218401253223419,-0.07764692604541779,-0.08083197474479675,0.07995454221963882,-0.0970432385802269,-0.22947081923484802,-0.18795455992221832,-0.0165850967168808,0.32657861709594727,0.10177828371524811,-0.5962725877761841,-0.1015886440873146,-0.03822952136397362,-0.410443514585495,-0.07573841512203217,0.09591922909021378,-0.34778618812561035,0.12222246080636978,0.39374950528144836,-0.2035996913909912,-0.20236748456954956,-0.003771541640162468,0.08115498721599579,0.08846735209226608,-0.26256194710731506,-0.13656450808048248,0.03337680548429489,0.10088510066270828,-0.08170628547668457,-0.2456074059009552,-0.2626016438007355,-0.24869252741336823,0.15327195823192596,0.12446942180395126,-0.015566534362733364,-0.17270846664905548,0.24403062462806702,0.1738463193178177,0.3413039445877075,0.14344291388988495,0.03686601668596268,0.3225782513618469,0.07950013130903244,-0.15056991577148438,-0.1681033819913864,-0.651933491230011,0.31736159324645996,0.22815078496932983,0.13402803242206573,-0.031734056770801544,-1.99021861205447e-32,0.25356730818748474,0.06289754062891006,0.1786070466041565,-0.19171874225139618,0.0455620102584362,-0.23885755240917206,0.2800191342830658,0.42245596647262573,-0.15438631176948547,-0.16280147433280945,-0.3698483407497406,-0.010659280233085155,0.011606698855757713,-0.3224845826625824,0.21452516317367554,0.02000676468014717,0.0875650942325592,0.640808641910553,-0.05589042231440544,0.14503809809684753,0.025045938789844513,-0.6009588241577148,-0.24740780889987946,-0.030117318034172058,-0.03586185723543167,0.11747688055038452,0.45581942796707153,-0.5315946936607361,-0.1812983602285385,0.16786718368530273,-0.05996640399098396,-0.21472974121570587,-0.16707074642181396,0.3686850368976593,-0.10902786999940872,-0.3379093110561371,0.1197383850812912,-0.39785802364349365,-0.3090876340866089,0.032170042395591736,-0.07887106388807297,0.1234058290719986,0.21241238713264465,0.053999971598386765,0.3145064115524292,0.12620000541210175,-0.3041777014732361,-0.32222840189933777,-0.13065455853939056,-0.2653195858001709,0.23964621126651764,-0.459383487701416,0.13822226226329803,0.10692211240530014,0.020905708894133568,0.0926014855504036,0.1691434234380722,0.24509115517139435,0.09979432821273804,-0.09526016563177109,-0.05266156792640686,-0.12260186672210693,-0.1189647763967514,0.287116676568985,-0.1436470001935959,0.3356098234653473,0.33146706223487854,0.052591122686862946,0.009679759852588177,0.06349342316389084,0.24387650191783905,0.2173769772052765,-0.021027259528636932,0.19171635806560516,-0.3732766807079315,0.3043951690196991,-0.10115920007228851,-0.14402295649051666,-0.09163939207792282,0.12814751267433167,0.055831119418144226,0.022440165281295776,-0.08647127449512482,0.09748778492212296,-0.30286017060279846,-0.43604448437690735,0.23332373797893524,0.17969101667404175,-0.09421543776988983,0.14432033896446228,-0.0041777705773711205,0.1401612013578415,0.039758846163749695,-0.25757843255996704,0.45207273960113525,-1.0441122100246503e-7,0.009413829073309898,-0.3226923644542694,-0.08032061904668808,-0.2969278395175934,0.1053728461265564,0.15262295305728912,-0.23756666481494904,-0.15193979442119598,0.15706416964530945,-0.11982645094394684,0.35468003153800964,0.1433781087398529,0.09053048491477966,0.28483524918556213,-0.009570043534040451,-0.05443713068962097,0.15159200131893158,0.18175014853477478,0.2939637303352356,-0.18100082874298096,-0.011193322017788887,-0.015147684141993523,0.36645135283470154,-0.4604654312133789,-0.1653614342212677,0.27405959367752075,-0.20895786583423615,0.2492300271987915,-0.428983598947525,-0.20012439787387848,-0.12512719631195068,-0.20269306004047394,-0.018169868737459183,-0.2485779970884323,0.14646920561790466,0.2655561864376068,0.16637927293777466,-0.34594953060150146,0.19369688630104065,-0.12639571726322174,0.06975197046995163,-0.22338812053203583,0.0996418222784996,0.038418639451265335,0.3681924641132355,-0.17623485624790192,0.11292065680027008,0.2664340138435364,-0.011619976721704006,0.0016477239551022649,0.038350462913513184,-0.053546931594610214,0.1956462562084198,-0.24797563254833221,-0.10484588891267776,-0.08409340679645538,-0.06925743818283081,-0.00496036047115922,0.057865679264068604,0.028853563591837883,0.5324639678001404,0.11462844908237457,-0.05846516788005829,0.028979575261473656]}}